Validators,AvgLatency
50,0.020468591451644896
100,0.02873164415359497
200,0.04273805975914002
